Ts_0,Ts_1,Ts_2,Ts_3,Ts_4,Ts_5,Ts_6,Ts_7,Ts_8,Ts_9,Ts_10,Ts_11,Ts_12,Ts_13,Ts_14,Ts_15,Ts_16,Ts_17,Ts_18,Ts_19,Ts_20,Ts_21,Ts_22,Ts_23
24  ,1   ,0   ,4   ,4   ,14  ,1   ,1   ,0   ,0   ,0    ,0    ,0    ,0    ,0    ,0    ,0    ,0    ,0    ,0    ,0    ,1    ,5    ,13
23  ,1   ,0   ,4   ,4   ,13  ,1   ,2   ,0   ,0   ,0    ,0    ,0    ,0    ,0    ,0    ,0    ,0    ,0    ,0    ,0    ,1    ,6    ,14
23  ,1   ,0   ,4   ,4   ,13  ,1   ,2   ,0   ,0   ,0    ,0    ,0    ,0    ,0    ,0    ,0    ,0    ,0    ,0    ,0    ,1    ,6    ,14
22  ,1   ,0   ,4   ,4   ,13  ,1   ,2   ,0   ,0   ,0    ,0    ,0    ,0    ,0    ,0    ,0    ,0    ,0    ,0    ,0    ,1    ,6    ,15
22  ,1   ,0   ,2   ,4   ,14  ,1   ,2   ,0   ,0   ,0    ,0    ,0    ,0    ,0    ,0    ,0    ,0    ,0    ,0    ,0    ,1    ,7    ,14
22  ,1   ,0   ,2   ,5   ,13  ,1   ,2   ,0   ,0   ,0    ,0    ,0    ,0    ,0    ,0    ,0    ,0    ,0    ,0    ,0    ,1    ,7    ,14
21  ,1   ,0   ,3   ,5   ,12  ,1   ,2   ,0   ,0   ,0    ,0    ,0    ,0    ,0    ,0    ,0    ,0    ,0    ,0    ,0    ,1    ,7    ,14
20  ,1   ,0   ,3   ,5   ,12  ,1   ,2   ,0   ,0   ,0    ,0    ,0    ,0    ,0    ,0    ,0    ,0    ,0    ,0    ,0    ,1    ,7    ,13
20  ,2   ,0   ,3   ,5   ,11  ,1   ,2   ,0   ,0   ,0    ,0    ,0    ,0    ,0    ,0    ,0    ,0    ,0    ,0    ,0    ,1    ,6    ,15
20  ,2   ,0   ,4   ,4   ,11  ,1   ,2   ,0   ,0   ,0    ,0    ,0    ,0    ,0    ,0    ,0    ,0    ,0    ,0    ,0    ,1    ,7    ,14
20  ,2   ,0   ,5   ,4   ,10  ,1   ,2   ,0   ,0   ,0    ,0    ,0    ,0    ,0    ,0    ,0    ,0    ,0    ,0    ,0    ,1    ,6    ,14
21  ,2   ,0   ,5   ,4   ,10  ,2   ,2   ,0   ,0   ,0    ,0    ,0    ,0    ,0    ,0    ,0    ,0    ,0    ,0    ,0    ,1    ,6    ,13
23  ,2   ,0   ,5   ,4   ,10  ,2   ,2   ,0   ,0   ,0    ,0    ,0    ,0    ,0    ,0    ,0    ,0    ,0    ,0    ,0    ,1    ,6    ,12
23  ,2   ,0   ,5   ,4   ,10  ,2   ,2   ,0   ,0   ,0    ,0    ,0    ,0    ,0    ,0    ,0    ,0    ,0    ,0    ,0    ,1    ,6    ,12
22  ,2   ,0   ,4   ,4   ,10  ,3   ,2   ,0   ,0   ,0    ,0    ,0    ,0    ,0    ,0    ,0    ,0    ,0    ,0    ,0    ,1    ,6    ,12
22  ,3   ,0   ,4   ,4   ,9   ,3   ,3   ,0   ,0   ,0    ,0    ,0    ,0    ,0    ,0    ,0    ,0    ,0    ,0    ,0    ,1    ,6    ,12
21  ,4   ,0   ,4   ,4   ,9   ,3   ,4   ,0   ,0   ,0    ,0    ,0    ,0    ,0    ,0    ,0    ,0    ,0    ,0    ,0    ,1    ,6    ,13
20  ,4   ,0   ,3   ,4   ,10  ,3   ,4   ,0   ,0   ,0    ,0    ,0    ,0    ,0    ,0    ,0    ,0    ,0    ,0    ,0    ,1    ,6    ,12
20  ,4   ,0   ,3   ,4   ,10  ,3   ,4   ,0   ,0   ,0    ,0    ,0    ,0    ,0    ,0    ,0    ,0    ,0    ,0    ,0    ,0    ,5    ,12
23  ,4   ,0   ,3   ,4   ,9   ,4   ,4   ,0   ,0   ,0    ,0    ,0    ,0    ,0    ,0    ,0    ,0    ,0    ,0    ,0    ,0    ,5    ,12
23  ,4   ,0   ,3   ,4   ,9   ,4   ,4   ,0   ,0   ,0    ,0    ,0    ,0    ,0    ,0    ,0    ,0    ,0    ,0    ,0    ,0    ,6    ,12
21  ,4   ,0   ,4   ,4   ,8   ,4   ,4   ,0   ,0   ,0    ,0    ,0    ,0    ,0    ,0    ,0    ,0    ,0    ,0    ,0    ,0    ,6    ,13
19  ,4   ,0   ,4   ,4   ,7   ,4   ,4   ,0   ,0   ,0    ,0    ,0    ,0    ,0    ,0    ,0    ,0    ,0    ,0    ,0    ,0    ,6    ,14
18  ,4   ,0   ,4   ,4   ,7   ,4   ,4   ,0   ,0   ,0    ,0    ,0    ,0    ,0    ,0    ,0    ,0    ,0    ,0    ,0    ,0    ,7    ,13
18  ,4   ,0   ,4   ,4   ,6   ,4   ,4   ,0   ,0   ,0    ,0    ,0    ,0    ,0    ,0    ,0    ,0    ,0    ,0    ,0    ,0    ,7    ,11
19  ,4   ,0   ,4   ,5   ,5   ,4   ,4   ,0   ,0   ,0    ,0    ,0    ,0    ,0    ,0    ,0    ,0    ,0    ,0    ,0    ,0    ,7    ,12
18  ,3   ,0   ,4   ,6   ,5   ,4   ,3   ,0   ,0   ,0    ,0    ,0    ,0    ,0    ,0    ,0    ,0    ,0    ,0    ,0    ,0    ,7    ,12
16  ,4   ,0   ,4   ,6   ,5   ,3   ,3   ,0   ,0   ,0    ,0    ,0    ,0    ,0    ,0    ,0    ,0    ,0    ,0    ,0    ,0    ,6    ,12
17  ,5   ,0   ,4   ,6   ,5   ,4   ,3   ,0   ,0   ,0    ,0    ,0    ,0    ,0    ,0    ,0    ,0    ,0    ,0    ,0    ,0    ,6    ,11
17  ,6   ,0   ,4   ,5   ,5   ,5   ,3   ,0   ,0   ,0    ,0    ,0    ,0    ,0    ,0    ,0    ,0    ,0    ,0    ,0    ,0    ,6    ,11
16  ,6   ,0   ,4   ,5   ,6   ,5   ,3   ,0   ,0   ,0    ,0    ,0    ,0    ,0    ,0    ,0    ,0    ,0    ,0    ,0    ,0    ,6    ,11
16  ,6   ,0   ,4   ,5   ,6   ,5   ,2   ,0   ,0   ,0    ,0    ,0    ,0    ,0    ,0    ,0    ,0    ,0    ,0    ,0    ,0    ,5    ,10
17  ,6   ,0   ,4   ,4   ,6   ,5   ,2   ,1   ,0   ,0    ,0    ,0    ,0    ,0    ,0    ,0    ,0    ,0    ,0    ,0    ,0    ,4    ,10
18  ,6   ,0   ,4   ,3   ,7   ,5   ,2   ,1   ,0   ,0    ,0    ,0    ,0    ,0    ,0    ,0    ,0    ,0    ,0    ,0    ,0    ,5    ,9
17  ,6   ,0   ,4   ,3   ,6   ,5   ,2   ,1   ,0   ,0    ,0    ,0    ,0    ,0    ,0    ,0    ,0    ,0    ,0    ,0    ,0    ,4    ,9
18  ,6   ,0   ,4   ,2   ,6   ,5   ,3   ,1   ,0   ,0    ,0    ,0    ,0    ,0    ,0    ,0    ,0    ,0    ,0    ,0    ,0    ,4    ,8
19  ,6   ,0   ,3   ,2   ,7   ,5   ,3   ,1   ,0   ,0    ,0    ,0    ,0    ,0    ,0    ,0    ,0    ,0    ,0    ,0    ,0    ,4    ,8
19  ,6   ,0   ,3   ,2   ,8   ,5   ,3   ,1   ,0   ,0    ,0    ,0    ,0    ,0    ,0    ,0    ,0    ,0    ,0    ,0    ,0    ,4    ,8
20  ,5   ,0   ,3   ,3   ,8   ,5   ,3   ,1   ,0   ,0    ,0    ,0    ,0    ,0    ,0    ,0    ,0    ,0    ,0    ,0    ,0    ,4    ,6
21  ,5   ,0   ,2   ,3   ,8   ,6   ,3   ,1   ,0   ,0    ,0    ,0    ,0    ,0    ,0    ,0    ,0    ,0    ,0    ,0    ,0    ,3    ,6
22  ,5   ,0   ,1   ,3   ,8   ,6   ,3   ,1   ,0   ,0    ,0    ,0    ,0    ,0    ,0    ,0    ,0    ,0    ,0    ,0    ,0    ,3    ,7
21  ,5   ,0   ,1   ,3   ,8   ,5   ,3   ,1   ,0   ,0    ,0    ,0    ,0    ,0    ,0    ,0    ,0    ,0    ,0    ,0    ,0    ,4    ,7
19  ,5   ,0   ,1   ,3   ,8   ,5   ,3   ,1   ,0   ,0    ,0    ,0    ,0    ,0    ,0    ,0    ,0    ,0    ,0    ,0    ,0    ,4    ,7
20  ,5   ,0   ,1   ,3   ,9   ,5   ,3   ,1   ,0   ,0    ,0    ,0    ,0    ,0    ,0    ,0    ,0    ,0    ,0    ,0    ,0    ,4    ,6
21  ,5   ,0   ,1   ,3   ,9   ,4   ,3   ,1   ,0   ,0    ,0    ,0    ,0    ,0    ,0    ,0    ,0    ,0    ,0    ,0    ,0    ,4    ,6
21  ,4   ,0   ,1   ,4   ,9   ,4   ,2   ,1   ,0   ,0    ,0    ,0    ,0    ,0    ,0    ,0    ,0    ,0    ,0    ,0    ,0    ,4    ,6
23  ,3   ,0   ,1   ,4   ,9   ,5   ,1   ,1   ,0   ,0    ,0    ,0    ,0    ,0    ,0    ,0    ,0    ,0    ,0    ,0    ,0    ,4    ,5
22  ,3   ,0   ,1   ,5   ,8   ,5   ,1   ,1   ,0   ,0    ,0    ,0    ,0    ,0    ,0    ,0    ,0    ,0    ,0    ,0    ,0    ,4    ,5
21  ,4   ,0   ,1   ,5   ,8   ,5   ,1   ,1   ,0   ,0    ,0    ,0    ,0    ,0    ,0    ,0    ,0    ,0    ,0    ,0    ,0    ,4    ,5
19  ,4   ,0   ,1   ,5   ,8   ,4   ,1   ,1   ,0   ,0    ,0    ,0    ,0    ,0    ,0    ,0    ,0    ,0    ,0    ,0    ,0    ,4    ,5
18  ,5   ,0   ,1   ,5   ,8   ,4   ,1   ,1   ,0   ,0    ,0    ,0    ,0    ,0    ,0    ,0    ,0    ,0    ,0    ,0    ,0    ,4    ,5
18  ,5   ,0   ,0   ,5   ,8   ,4   ,1   ,1   ,0   ,0    ,0    ,0    ,0    ,0    ,0    ,0    ,0    ,0    ,0    ,0    ,0    ,4    ,5
18  ,5   ,0   ,0   ,5   ,8   ,4   ,1   ,1   ,0   ,0    ,0    ,0    ,0    ,0    ,0    ,0    ,0    ,0    ,0    ,0    ,0    ,4    ,4
18  ,5   ,1   ,0   ,5   ,7   ,4   ,1   ,1   ,0   ,0    ,0    ,0    ,0    ,0    ,0    ,0    ,0    ,0    ,0    ,0    ,0    ,3    ,4
18  ,5   ,1   ,0   ,5   ,7   ,4   ,1   ,1   ,0   ,0    ,0    ,0    ,0    ,0    ,0    ,0    ,0    ,0    ,0    ,0    ,0    ,3    ,4
17  ,6   ,1   ,0   ,4   ,7   ,4   ,1   ,1   ,0   ,0    ,0    ,0    ,0    ,0    ,0    ,0    ,0    ,0    ,0    ,0    ,0    ,4    ,3
17  ,6   ,1   ,0   ,3   ,7   ,4   ,1   ,1   ,0   ,0    ,0    ,0    ,0    ,0    ,0    ,0    ,0    ,0    ,0    ,0    ,0    ,4    ,3
19  ,5   ,1   ,0   ,3   ,8   ,4   ,1   ,1   ,0   ,0    ,0    ,0    ,0    ,0    ,0    ,0    ,0    ,0    ,0    ,0    ,0    ,4    ,3
18  ,4   ,1   ,0   ,3   ,8   ,3   ,1   ,1   ,0   ,0    ,0    ,0    ,0    ,0    ,0    ,0    ,0    ,0    ,0    ,0    ,0    ,4    ,4
18  ,3   ,1   ,1   ,3   ,8   ,2   ,1   ,1   ,0   ,0    ,0    ,0    ,0    ,0    ,0    ,0    ,0    ,0    ,0    ,0    ,0    ,4    ,4
18  ,3   ,1   ,1   ,3   ,8   ,2   ,1   ,1   ,0   ,0    ,0    ,0    ,0    ,0    ,0    ,0    ,0    ,0    ,0    ,0    ,1    ,4    ,4
17  ,3   ,1   ,2   ,3   ,8   ,2   ,1   ,1   ,0   ,0    ,0    ,0    ,0    ,0    ,0    ,0    ,0    ,0    ,0    ,0    ,1    ,4    ,4
17  ,3   ,1   ,2   ,3   ,8   ,2   ,1   ,0   ,0   ,0    ,0    ,0    ,0    ,0    ,0    ,0    ,0    ,0    ,0    ,0    ,1    ,4    ,4
17  ,3   ,1   ,2   ,4   ,7   ,2   ,1   ,0   ,0   ,0    ,0    ,0    ,0    ,0    ,0    ,0    ,0    ,0    ,0    ,0    ,1    ,4    ,4
17  ,3   ,1   ,2   ,4   ,7   ,2   ,1   ,0   ,0   ,0    ,0    ,0    ,0    ,0    ,0    ,0    ,0    ,0    ,0    ,0    ,1    ,4    ,4
16  ,3   ,2   ,2   ,4   ,7   ,2   ,0   ,0   ,0   ,0    ,0    ,0    ,0    ,0    ,0    ,0    ,0    ,0    ,0    ,0    ,1    ,4    ,5
15  ,3   ,2   ,2   ,4   ,7   ,2   ,0   ,0   ,0   ,0    ,0    ,0    ,0    ,0    ,0    ,0    ,0    ,0    ,0    ,0    ,1    ,4    ,4
16  ,3   ,2   ,2   ,4   ,7   ,2   ,0   ,0   ,0   ,0    ,0    ,0    ,0    ,0    ,0    ,0    ,0    ,0    ,0    ,0    ,1    ,4    ,4
16  ,3   ,2   ,2   ,4   ,7   ,2   ,0   ,0   ,0   ,0    ,0    ,0    ,0    ,0    ,0    ,0    ,0    ,0    ,0    ,0    ,1    ,4    ,5
15  ,3   ,2   ,2   ,4   ,7   ,1   ,0   ,0   ,0   ,0    ,0    ,0    ,0    ,0    ,0    ,0    ,0    ,0    ,0    ,0    ,1    ,4    ,5
15  ,3   ,2   ,2   ,4   ,7   ,1   ,0   ,0   ,0   ,0    ,0    ,0    ,0    ,0    ,0    ,0    ,0    ,0    ,0    ,0    ,1    ,4    ,4
16  ,3   ,2   ,2   ,5   ,7   ,1   ,0   ,0   ,0   ,0    ,0    ,0    ,0    ,0    ,0    ,0    ,0    ,0    ,0    ,1    ,1    ,3    ,4
16  ,3   ,2   ,2   ,5   ,6   ,1   ,1   ,0   ,0   ,0    ,0    ,0    ,0    ,0    ,0    ,0    ,0    ,0    ,0    ,1    ,1    ,3    ,4
15  ,3   ,2   ,2   ,6   ,5   ,1   ,1   ,0   ,0   ,0    ,0    ,0    ,0    ,0    ,0    ,0    ,0    ,0    ,0    ,1    ,1    ,3    ,4
15  ,3   ,2   ,2   ,6   ,6   ,1   ,1   ,0   ,0   ,0    ,0    ,0    ,0    ,0    ,0    ,0    ,0    ,0    ,0    ,1    ,1    ,3    ,4
15  ,3   ,2   ,2   ,5   ,6   ,1   ,1   ,0   ,0   ,0    ,0    ,0    ,0    ,0    ,0    ,0    ,0    ,0    ,0    ,1    ,1    ,3    ,4
14  ,3   ,2   ,2   ,5   ,6   ,0   ,1   ,0   ,0   ,0    ,0    ,0    ,0    ,0    ,0    ,0    ,0    ,0    ,0    ,1    ,1    ,3    ,5
15  ,3   ,2   ,2   ,5   ,6   ,0   ,1   ,0   ,0   ,0    ,0    ,0    ,0    ,0    ,0    ,0    ,0    ,0    ,0    ,1    ,1    ,3    ,5
15  ,2   ,2   ,2   ,6   ,6   ,0   ,1   ,0   ,0   ,0    ,0    ,0    ,0    ,0    ,0    ,0    ,0    ,0    ,0    ,1    ,1    ,3    ,5
14  ,3   ,2   ,2   ,6   ,6   ,0   ,1   ,0   ,0   ,0    ,0    ,0    ,0    ,0    ,0    ,0    ,0    ,0    ,0    ,1    ,1    ,3    ,5
15  ,2   ,2   ,2   ,6   ,5   ,0   ,1   ,0   ,0   ,0    ,0    ,0    ,0    ,0    ,0    ,0    ,0    ,0    ,0    ,1    ,1    ,2    ,5
15  ,2   ,3   ,2   ,6   ,5   ,0   ,1   ,0   ,0   ,0    ,0    ,0    ,0    ,0    ,0    ,0    ,0    ,0    ,0    ,1    ,1    ,2    ,4
15  ,3   ,3   ,2   ,6   ,5   ,0   ,1   ,0   ,0   ,0    ,0    ,0    ,0    ,0    ,0    ,0    ,0    ,0    ,0    ,1    ,1    ,2    ,5
15  ,3   ,2   ,2   ,7   ,5   ,0   ,1   ,0   ,0   ,0    ,0    ,0    ,0    ,0    ,0    ,0    ,0    ,0    ,0    ,1    ,1    ,2    ,5
16  ,3   ,2   ,2   ,7   ,5   ,0   ,1   ,0   ,0   ,0    ,0    ,0    ,0    ,0    ,0    ,0    ,0    ,0    ,0    ,1    ,1    ,2    ,5
16  ,2   ,2   ,3   ,7   ,5   ,0   ,1   ,0   ,0   ,0    ,0    ,0    ,0    ,0    ,0    ,0    ,0    ,0    ,0    ,1    ,1    ,1    ,6
16  ,2   ,2   ,3   ,7   ,5   ,0   ,1   ,0   ,0   ,0    ,0    ,0    ,0    ,0    ,0    ,0    ,0    ,0    ,0    ,1    ,1    ,1    ,6
15  ,2   ,2   ,3   ,7   ,5   ,0   ,1   ,0   ,0   ,0    ,0    ,0    ,0    ,0    ,0    ,0    ,0    ,0    ,0    ,1    ,1    ,1    ,7
15  ,2   ,2   ,3   ,7   ,5   ,1   ,1   ,0   ,0   ,0    ,0    ,0    ,0    ,0    ,0    ,0    ,0    ,0    ,0    ,1    ,1    ,2    ,6
15  ,2   ,2   ,2   ,8   ,5   ,1   ,1   ,0   ,0   ,0    ,0    ,0    ,0    ,0    ,0    ,0    ,0    ,0    ,0    ,1    ,1    ,3    ,6
14  ,2   ,2   ,2   ,9   ,4   ,1   ,1   ,0   ,0   ,0    ,0    ,0    ,0    ,0    ,0    ,0    ,0    ,0    ,0    ,1    ,0    ,3    ,7
14  ,2   ,2   ,1   ,10  ,4   ,1   ,1   ,0   ,0   ,0    ,0    ,0    ,0    ,0    ,0    ,0    ,0    ,0    ,0    ,1    ,0    ,3    ,8
13  ,2   ,2   ,1   ,10  ,4   ,1   ,1   ,0   ,0   ,0    ,0    ,0    ,0    ,0    ,0    ,0    ,0    ,0    ,0    ,1    ,0    ,3    ,8
13  ,2   ,2   ,1   ,9   ,4   ,2   ,1   ,0   ,0   ,0    ,0    ,0    ,0    ,0    ,0    ,0    ,0    ,0    ,0    ,1    ,0    ,2    ,8
14  ,2   ,2   ,1   ,9   ,5   ,2   ,1   ,0   ,0   ,0    ,0    ,0    ,0    ,0    ,0    ,0    ,0    ,0    ,0    ,1    ,0    ,2    ,9
14  ,2   ,1   ,1   ,9   ,5   ,2   ,1   ,0   ,0   ,0    ,0    ,0    ,0    ,0    ,0    ,0    ,0    ,0    ,0    ,1    ,0    ,2    ,9
14  ,2   ,1   ,1   ,9   ,4   ,2   ,1   ,0   ,0   ,0    ,0    ,0    ,0    ,0    ,0    ,0    ,0    ,0    ,0    ,1    ,0    ,3    ,9
13  ,2   ,1   ,1   ,9   ,4   ,2   ,1   ,0   ,0   ,0    ,0    ,0    ,0    ,0    ,0    ,0    ,0    ,0    ,0    ,1    ,0    ,3    ,10
12  ,2   ,1   ,1   ,8   ,4   ,2   ,1   ,0   ,0   ,0    ,0    ,0    ,0    ,0    ,0    ,0    ,0    ,0    ,0    ,1    ,0    ,3    ,9
13  ,2   ,1   ,1   ,8   ,4   ,2   ,1   ,0   ,0   ,0    ,0    ,0    ,0    ,0    ,0    ,0    ,0    ,0    ,0    ,1    ,0    ,3    ,10
12  ,2   ,1   ,1   ,8   ,4   ,2   ,1   ,0   ,0   ,0    ,0    ,0    ,0    ,0    ,0    ,0    ,0    ,0    ,0    ,1    ,0    ,3    ,11
11  ,2   ,1   ,1   ,7   ,4   ,2   ,2   ,0   ,0   ,0    ,0    ,0    ,0    ,0    ,0    ,0    ,0    ,0    ,0    ,0    ,0    ,3    ,11
12  ,2   ,1   ,1   ,7   ,4   ,2   ,1   ,0   ,0   ,0    ,0    ,0    ,0    ,0    ,0    ,0    ,0    ,0    ,0    ,0    ,0    ,3    ,11
13  ,2   ,2   ,1   ,6   ,4   ,3   ,1   ,0   ,0   ,0    ,0    ,0    ,0    ,0    ,0    ,0    ,0    ,0    ,0    ,0    ,0    ,3    ,11
12  ,2   ,2   ,1   ,6   ,3   ,3   ,1   ,0   ,0   ,0    ,0    ,0    ,0    ,0    ,0    ,0    ,0    ,0    ,0    ,0    ,0    ,3    ,11
12  ,2   ,3   ,1   ,6   ,3   ,3   ,3   ,0   ,0   ,0    ,0    ,0    ,0    ,0    ,0    ,0    ,0    ,0    ,0    ,0    ,0    ,4    ,11
11  ,2   ,3   ,1   ,6   ,4   ,3   ,3   ,0   ,0   ,0    ,0    ,0    ,0    ,0    ,0    ,0    ,0    ,0    ,0    ,0    ,0    ,4    ,10
11  ,3   ,3   ,2   ,5   ,4   ,4   ,3   ,0   ,0   ,0    ,0    ,0    ,0    ,0    ,0    ,0    ,0    ,0    ,0    ,0    ,0    ,4    ,11
11  ,3   ,4   ,2   ,4   ,4   ,4   ,3   ,0   ,0   ,0    ,0    ,0    ,0    ,0    ,0    ,0    ,0    ,0    ,0    ,0    ,0    ,4    ,11
11  ,3   ,4   ,2   ,4   ,4   ,4   ,3   ,0   ,0   ,0    ,0    ,0    ,0    ,0    ,0    ,0    ,0    ,0    ,0    ,0    ,0    ,4    ,11
11  ,3   ,4   ,2   ,4   ,4   ,4   ,3   ,0   ,0   ,0    ,0    ,0    ,0    ,0    ,0    ,0    ,0    ,0    ,0    ,0    ,0    ,4    ,11
12  ,3   ,3   ,2   ,4   ,4   ,5   ,3   ,0   ,0   ,0    ,0    ,0    ,0    ,0    ,0    ,0    ,0    ,0    ,0    ,0    ,0    ,4    ,11
12  ,2   ,4   ,3   ,4   ,4   ,5   ,3   ,0   ,0   ,0    ,0    ,0    ,0    ,0    ,0    ,0    ,0    ,0    ,0    ,0    ,0    ,5    ,10
12  ,2   ,4   ,3   ,3   ,4   ,5   ,3   ,0   ,0   ,0    ,0    ,0    ,0    ,0    ,0    ,0    ,0    ,0    ,0    ,0    ,0    ,5    ,11
11  ,2   ,4   ,4   ,3   ,4   ,5   ,3   ,0   ,0   ,0    ,0    ,0    ,0    ,0    ,0    ,0    ,0    ,0    ,0    ,0    ,0    ,5    ,11
12  ,2   ,4   ,3   ,4   ,4   ,5   ,3   ,0   ,0   ,0    ,0    ,0    ,0    ,0    ,0    ,0    ,0    ,0    ,0    ,0    ,0    ,5    ,10
12  ,2   ,5   ,3   ,4   ,4   ,5   ,3   ,0   ,0   ,0    ,0    ,0    ,0    ,0    ,0    ,0    ,0    ,0    ,0    ,0    ,0    ,5    ,10
12  ,3   ,5   ,3   ,4   ,4   ,5   ,3   ,0   ,0   ,0    ,0    ,0    ,0    ,0    ,0    ,0    ,0    ,0    ,0    ,0    ,0    ,5    ,9
13  ,3   ,5   ,3   ,5   ,4   ,4   ,3   ,0   ,0   ,0    ,0    ,0    ,0    ,0    ,0    ,0    ,0    ,0    ,0    ,0    ,0    ,4    ,9
14  ,4   ,5   ,3   ,4   ,4   ,4   ,3   ,0   ,0   ,0    ,0    ,0    ,0    ,0    ,0    ,0    ,0    ,0    ,0    ,0    ,0    ,3    ,9
14  ,4   ,5   ,4   ,3   ,4   ,4   ,3   ,0   ,0   ,0    ,0    ,0    ,0    ,0    ,0    ,0    ,0    ,0    ,0    ,0    ,0    ,3    ,8
14  ,5   ,5   ,4   ,2   ,4   ,4   ,3   ,0   ,0   ,0    ,0    ,0    ,0    ,0    ,1    ,0    ,0    ,0    ,0    ,0    ,0    ,3    ,7
14  ,5   ,7   ,4   ,2   ,4   ,4   ,3   ,0   ,0   ,0    ,0    ,0    ,0    ,0    ,1    ,0    ,0    ,0    ,0    ,0    ,0    ,4    ,7
13  ,5   ,7   ,4   ,3   ,4   ,3   ,3   ,0   ,0   ,0    ,0    ,0    ,0    ,0    ,2    ,0    ,0    ,0    ,0    ,0    ,0    ,4    ,7
13  ,5   ,7   ,4   ,3   ,3   ,3   ,3   ,0   ,0   ,0    ,0    ,0    ,0    ,0    ,2    ,0    ,0    ,0    ,0    ,0    ,0    ,4    ,7
13  ,5   ,7   ,5   ,3   ,3   ,4   ,3   ,0   ,0   ,0    ,0    ,0    ,0    ,0    ,2    ,0    ,0    ,0    ,0    ,0    ,0    ,4    ,7
13  ,5   ,7   ,5   ,3   ,3   ,4   ,3   ,0   ,0   ,0    ,0    ,0    ,0    ,0    ,2    ,0    ,0    ,0    ,0    ,0    ,0    ,3    ,8
13  ,5   ,7   ,5   ,4   ,2   ,4   ,3   ,0   ,0   ,0    ,0    ,0    ,0    ,0    ,2    ,0    ,0    ,0    ,0    ,0    ,0    ,3    ,8
13  ,5   ,7   ,5   ,5   ,2   ,4   ,3   ,0   ,0   ,0    ,0    ,0    ,0    ,0    ,2    ,0    ,0    ,0    ,0    ,0    ,0    ,3    ,9
12  ,5   ,7   ,6   ,5   ,2   ,4   ,3   ,0   ,0   ,0    ,0    ,0    ,0    ,0    ,2    ,0    ,0    ,0    ,0    ,0    ,0    ,3    ,9
12  ,5   ,7   ,6   ,5   ,2   ,4   ,3   ,0   ,0   ,0    ,0    ,0    ,0    ,0    ,2    ,0    ,0    ,0    ,0    ,0    ,0    ,3    ,8
13  ,5   ,7   ,6   ,6   ,2   ,4   ,2   ,0   ,0   ,0    ,0    ,0    ,0    ,0    ,2    ,0    ,0    ,0    ,0    ,0    ,0    ,3    ,8
13  ,5   ,7   ,6   ,7   ,2   ,4   ,2   ,0   ,0   ,0    ,0    ,0    ,0    ,0    ,2    ,0    ,0    ,0    ,0    ,0    ,0    ,4    ,8
11  ,5   ,6   ,7   ,7   ,2   ,3   ,2   ,0   ,0   ,0    ,0    ,0    ,0    ,0    ,2    ,0    ,0    ,0    ,0    ,0    ,0    ,4    ,9
11  ,5   ,6   ,7   ,7   ,2   ,3   ,2   ,0   ,0   ,0    ,0    ,0    ,0    ,0    ,2    ,0    ,0    ,0    ,0    ,0    ,0    ,4    ,9
11  ,5   ,5   ,8   ,7   ,2   ,3   ,0   ,0   ,0   ,0    ,0    ,0    ,0    ,0    ,2    ,0    ,0    ,0    ,0    ,0    ,0    ,3    ,9
12  ,5   ,5   ,8   ,7   ,2   ,3   ,0   ,0   ,0   ,0    ,0    ,0    ,0    ,0    ,2    ,0    ,0    ,0    ,0    ,0    ,0    ,3    ,9
12  ,4   ,5   ,7   ,7   ,2   ,2   ,1   ,0   ,0   ,0    ,0    ,0    ,0    ,0    ,2    ,0    ,0    ,0    ,0    ,0    ,0    ,3    ,9
12  ,4   ,4   ,7   ,7   ,3   ,2   ,1   ,0   ,0   ,0    ,0    ,0    ,0    ,0    ,2    ,0    ,0    ,0    ,0    ,0    ,1    ,3    ,9
13  ,4   ,4   ,7   ,7   ,3   ,2   ,1   ,0   ,0   ,0    ,0    ,0    ,0    ,0    ,2    ,0    ,0    ,0    ,0    ,0    ,1    ,3    ,9
12  ,4   ,4   ,7   ,7   ,3   ,3   ,1   ,0   ,0   ,0    ,0    ,0    ,0    ,0    ,2    ,0    ,0    ,0    ,0    ,0    ,1    ,3    ,10
11  ,4   ,4   ,7   ,7   ,4   ,2   ,1   ,0   ,0   ,0    ,0    ,0    ,0    ,0    ,2    ,0    ,0    ,0    ,0    ,0    ,1    ,3    ,11
11  ,4   ,3   ,6   ,7   ,4   ,2   ,1   ,0   ,0   ,0    ,0    ,0    ,0    ,0    ,2    ,0    ,0    ,0    ,0    ,0    ,1    ,2    ,11
12  ,4   ,3   ,6   ,7   ,4   ,2   ,1   ,0   ,0   ,0    ,0    ,0    ,0    ,0    ,2    ,0    ,0    ,0    ,0    ,0    ,1    ,2    ,11
12  ,4   ,3   ,5   ,7   ,4   ,2   ,1   ,0   ,0   ,0    ,0    ,0    ,0    ,0    ,2    ,0    ,0    ,0    ,0    ,0    ,1    ,2    ,11
12  ,4   ,3   ,5   ,6   ,4   ,2   ,1   ,0   ,0   ,0    ,0    ,0    ,0    ,0    ,2    ,0    ,0    ,0    ,0    ,0    ,1    ,2    ,12
12  ,4   ,2   ,5   ,6   ,4   ,2   ,1   ,0   ,0   ,0    ,0    ,0    ,0    ,0    ,2    ,0    ,0    ,0    ,0    ,0    ,2    ,2    ,12
11  ,4   ,2   ,5   ,6   ,3   ,2   ,1   ,0   ,0   ,0    ,0    ,0    ,0    ,0    ,2    ,0    ,0    ,0    ,0    ,1    ,2    ,2    ,12
10  ,4   ,2   ,5   ,5   ,3   ,2   ,1   ,0   ,0   ,0    ,0    ,0    ,0    ,0    ,2    ,0    ,0    ,0    ,0    ,1    ,3    ,2    ,12
9   ,3   ,2   ,6   ,5   ,3   ,2   ,1   ,0   ,0   ,0    ,0    ,0    ,0    ,0    ,2    ,0    ,0    ,0    ,0    ,1    ,3    ,2    ,13
9   ,3   ,2   ,5   ,5   ,3   ,2   ,1   ,0   ,0   ,0    ,0    ,0    ,0    ,0    ,2    ,0    ,0    ,0    ,0    ,1    ,3    ,3    ,13
9   ,2   ,2   ,6   ,5   ,3   ,2   ,1   ,0   ,0   ,0    ,0    ,0    ,0    ,0    ,1    ,0    ,0    ,0    ,0    ,1    ,3    ,4    ,13
9   ,2   ,0   ,6   ,5   ,3   ,2   ,1   ,0   ,0   ,0    ,0    ,0    ,0    ,0    ,1    ,0    ,0    ,0    ,0    ,1    ,3    ,3    ,14
9   ,2   ,0   ,6   ,4   ,3   ,2   ,1   ,0   ,0   ,0    ,0    ,0    ,0    ,0    ,0    ,0    ,0    ,0    ,0    ,1    ,3    ,4    ,14
8   ,2   ,0   ,6   ,4   ,3   ,2   ,1   ,0   ,0   ,0    ,0    ,0    ,0    ,0    ,0    ,0    ,0    ,0    ,0    ,1    ,3    ,4    ,13
9   ,2   ,0   ,5   ,4   ,3   ,1   ,1   ,0   ,0   ,0    ,0    ,0    ,0    ,0    ,0    ,0    ,0    ,0    ,0    ,1    ,3    ,5    ,12
9   ,2   ,0   ,6   ,4   ,3   ,1   ,1   ,0   ,0   ,0    ,0    ,0    ,0    ,0    ,0    ,0    ,0    ,0    ,0    ,1    ,3    ,6    ,11
9   ,2   ,0   ,6   ,3   ,3   ,1   ,1   ,0   ,0   ,0    ,0    ,0    ,0    ,0    ,0    ,0    ,0    ,0    ,0    ,1    ,3    ,7    ,10
9   ,2   ,0   ,7   ,2   ,3   ,1   ,1   ,0   ,0   ,0    ,0    ,0    ,0    ,0    ,0    ,0    ,0    ,0    ,0    ,1    ,3    ,7    ,9
10  ,2   ,0   ,6   ,3   ,3   ,1   ,1   ,0   ,0   ,0    ,0    ,0    ,0    ,0    ,0    ,0    ,0    ,0    ,0    ,1    ,4    ,7    ,8
10  ,2   ,0   ,7   ,3   ,3   ,1   ,1   ,0   ,0   ,0    ,0    ,0    ,0    ,0    ,0    ,0    ,1    ,0    ,1    ,1    ,4    ,7    ,9
9   ,2   ,0   ,7   ,3   ,3   ,1   ,1   ,0   ,0   ,0    ,0    ,0    ,0    ,0    ,0    ,0    ,1    ,0    ,1    ,1    ,4    ,7    ,9
9   ,2   ,0   ,7   ,3   ,3   ,1   ,1   ,0   ,0   ,0    ,0    ,0    ,0    ,0    ,0    ,0    ,1    ,0    ,1    ,1    ,4    ,7    ,9
9   ,2   ,0   ,6   ,4   ,3   ,1   ,1   ,0   ,0   ,0    ,0    ,0    ,0    ,0    ,0    ,0    ,1    ,0    ,1    ,1    ,4    ,8    ,8
9   ,2   ,0   ,6   ,4   ,3   ,1   ,1   ,0   ,0   ,0    ,0    ,0    ,0    ,0    ,0    ,0    ,1    ,0    ,1    ,1    ,4    ,9    ,8
8   ,2   ,0   ,5   ,4   ,3   ,1   ,1   ,0   ,0   ,0    ,0    ,0    ,0    ,0    ,0    ,0    ,1    ,0    ,1    ,1    ,4    ,9    ,8
8   ,2   ,0   ,5   ,4   ,2   ,1   ,1   ,0   ,0   ,0    ,0    ,0    ,0    ,0    ,0    ,0    ,1    ,0    ,1    ,1    ,4    ,9    ,9
7   ,2   ,0   ,5   ,5   ,2   ,1   ,0   ,0   ,0   ,0    ,0    ,0    ,0    ,0    ,0    ,0    ,1    ,0    ,1    ,1    ,4    ,10   ,8
7   ,2   ,0   ,5   ,5   ,1   ,1   ,0   ,0   ,0   ,0    ,0    ,0    ,0    ,0    ,0    ,0    ,1    ,0    ,1    ,1    ,3    ,11   ,8
6   ,1   ,0   ,5   ,5   ,1   ,1   ,0   ,0   ,0   ,0    ,0    ,0    ,0    ,0    ,0    ,0    ,1    ,0    ,1    ,1    ,3    ,12   ,8
6   ,1   ,1   ,5   ,5   ,1   ,0   ,0   ,0   ,0   ,0    ,0    ,0    ,0    ,0    ,0    ,0    ,1    ,0    ,1    ,1    ,3    ,13   ,7
6   ,1   ,2   ,5   ,5   ,1   ,0   ,0   ,0   ,0   ,0    ,0    ,0    ,0    ,0    ,0    ,0    ,1    ,0    ,1    ,1    ,4    ,13   ,6
6   ,1   ,2   ,5   ,5   ,1   ,0   ,0   ,0   ,0   ,0    ,0    ,0    ,0    ,0    ,0    ,0    ,1    ,0    ,1    ,1    ,4    ,14   ,6
5   ,1   ,2   ,6   ,5   ,1   ,0   ,0   ,0   ,0   ,1    ,0    ,0    ,0    ,1    ,0    ,0    ,1    ,0    ,1    ,1    ,4    ,14   ,6
5   ,1   ,2   ,6   ,5   ,1   ,0   ,0   ,0   ,0   ,1    ,0    ,0    ,0    ,1    ,0    ,0    ,1    ,0    ,1    ,1    ,4    ,15   ,6
4   ,1   ,2   ,6   ,6   ,1   ,0   ,0   ,0   ,0   ,1    ,0    ,0    ,0    ,1    ,0    ,0    ,1    ,0    ,1    ,1    ,4    ,16   ,5
4   ,1   ,2   ,6   ,6   ,1   ,0   ,0   ,0   ,0   ,1    ,0    ,0    ,0    ,2    ,0    ,0    ,1    ,0    ,1    ,1    ,3    ,17   ,5
4   ,0   ,2   ,7   ,6   ,1   ,0   ,0   ,0   ,0   ,1    ,0    ,0    ,0    ,2    ,0    ,0    ,1    ,0    ,1    ,0    ,3    ,17   ,6
4   ,0   ,3   ,7   ,6   ,1   ,0   ,0   ,0   ,0   ,1    ,0    ,0    ,0    ,2    ,0    ,0    ,1    ,0    ,1    ,0    ,2    ,18   ,6
4   ,0   ,3   ,6   ,7   ,1   ,0   ,0   ,0   ,0   ,1    ,0    ,0    ,0    ,2    ,0    ,0    ,1    ,0    ,1    ,0    ,2    ,19   ,5
4   ,0   ,3   ,6   ,7   ,1   ,0   ,0   ,0   ,0   ,1    ,0    ,0    ,0    ,2    ,0    ,0    ,1    ,0    ,1    ,0    ,3    ,18   ,5
4   ,0   ,3   ,6   ,7   ,1   ,0   ,0   ,0   ,0   ,1    ,0    ,0    ,1    ,3    ,0    ,0    ,1    ,0    ,1    ,0    ,3    ,18   ,5
4   ,0   ,4   ,6   ,7   ,1   ,0   ,0   ,0   ,0   ,1    ,0    ,0    ,1    ,3    ,0    ,0    ,1    ,0    ,1    ,0    ,3    ,18   ,4
5   ,0   ,4   ,6   ,7   ,1   ,0   ,0   ,0   ,0   ,1    ,0    ,0    ,1    ,3    ,0    ,0    ,1    ,0    ,1    ,0    ,3    ,17   ,5
5   ,0   ,4   ,7   ,7   ,1   ,0   ,0   ,0   ,0   ,1    ,0    ,0    ,1    ,3    ,0    ,0    ,1    ,0    ,1    ,0    ,4    ,17   ,5
4   ,1   ,4   ,7   ,7   ,1   ,0   ,0   ,0   ,0   ,1    ,0    ,0    ,1    ,3    ,0    ,0    ,1    ,0    ,1    ,0    ,4    ,17   ,5
4   ,1   ,4   ,7   ,7   ,1   ,0   ,0   ,0   ,0   ,1    ,0    ,0    ,1    ,3    ,0    ,0    ,1    ,0    ,1    ,0    ,4    ,17   ,5
4   ,1   ,5   ,7   ,7   ,1   ,0   ,0   ,0   ,0   ,1    ,0    ,0    ,1    ,3    ,0    ,0    ,1    ,0    ,1    ,0    ,5    ,16   ,5
4   ,1   ,6   ,6   ,7   ,1   ,0   ,0   ,0   ,0   ,1    ,0    ,0    ,1    ,3    ,0    ,0    ,1    ,0    ,1    ,0    ,5    ,16   ,6
3   ,1   ,6   ,6   ,6   ,1   ,0   ,0   ,0   ,0   ,1    ,0    ,0    ,1    ,3    ,0    ,0    ,1    ,0    ,1    ,0    ,4    ,16   ,7
